School_Name,Region,Starting_Median_Salary,Mid_Career_Median_Salary,Percentage_increase,Mid_Career_10th_Percentile_Salary,Mid_Career_25th_Percentile_Salary,Mid_Career_75th_Percentile_Salary,Mid_Career_90th_Percentile_Salary
Stanford University,California,70400 ,129000 ,0.83 ,68400 ,93100 ,184000 ,257000 
California Institute of Technology (CIT),California,75500 ,123000 ,0.63 ,,104000 ,161000 ,
Harvey Mudd College,California,71800 ,122000 ,0.70 ,,96000 ,180000 ,
"University of California, Berkeley",California,59900 ,112000 ,0.87 ,59500 ,81000 ,149000 ,201000 
Occidental College,California,51900 ,105000 ,1.02 ,,54800 ,157000 ,
Cal Poly San Luis Obispo,California,57200 ,101000 ,0.77 ,55000 ,74700 ,133000 ,178000 
University of California at Los Angeles (UCLA),California,52600 ,101000 ,0.92 ,51300 ,72500 ,139000 ,193000 
"University of California, San Diego (UCSD)",California,51100 ,101000 ,0.98 ,51700 ,75400 ,131000 ,177000 
Pomona College,California,48600 ,101000 ,1.08 ,,63300 ,161000 ,
University of Southern California (USC),California,54800 ,99600 ,0.82 ,49700 ,73800 ,140000 ,201000 
"University of California, Davis",California,52300 ,99600 ,0.90 ,52000 ,71600 ,135000 ,202000 
"University of California, Irvine (UCI)",California,48300 ,96700 ,1.00 ,47800 ,66000 ,123000 ,172000 
San Jose State University (SJSU),California,53500 ,95600 ,0.79 ,50700 ,70500 ,122000 ,156000 
"University of California, Santa Barbara (UCSB)",California,50500 ,95000 ,0.88 ,51300 ,71200 ,129000 ,173000 
"California State University (CSU), Chico",California,47400 ,88100 ,0.86 ,46800 ,62800 ,122000 ,154000 
"California State University, Fullerton (CSUF)",California,45700 ,87000 ,0.90 ,45400 ,62500 ,119000 ,158000 
San Francisco State University (SFSU),California,47300 ,86400 ,0.83 ,45100 ,62700 ,114000 ,150000 
San Diego State University (SDSU),California,46200 ,85200 ,0.84 ,45500 ,61800 ,116000 ,158000 
"California State University, Long Beach (CSULB)",California,45100 ,84700 ,0.88 ,47400 ,62500 ,113000 ,154000 
"California State University, East Bay (CSUEB)",California,49200 ,84300 ,0.71 ,46000 ,62400 ,115000 ,155000 
"University of California, Santa Cruz (UCSC)",California,44700 ,84100 ,0.88 ,46100 ,62000 ,121000 ,165000 
"California State University, Sacramento (CSUS)",California,47800 ,82400 ,0.72 ,42900 ,59600 ,111000 ,154000 
"University of California, Riverside (UCR)",California,46800 ,81300 ,0.74 ,37200 ,59900 ,109000 ,134000 
"California State University, Northridge (CSUN)",California,45500 ,80400 ,0.77 ,44500 ,57800 ,108000 ,153000 
"California State University, Dominguez Hills (CSUDH)",California,42700 ,72100 ,0.69 ,30800 ,47000 ,92200 ,132000 
"California State University (CSU), Stanislaus",California,38000 ,71400 ,0.88 ,,50500 ,94100 ,
Humboldt State University,California,42600 ,71300 ,0.67 ,36000 ,56300 ,94400 ,117000 
Thomas Aquinas College,California,41500 ,67500 ,0.63 ,,44600 ,93100 ,
Colorado School of Mines,Western,58100 ,106000 ,0.82 ,62200 ,87900 ,142000 ,201000 
University of Colorado - Boulder (UCB),Western,47100 ,97600 ,1.07 ,51600 ,69000 ,128000 ,187000 
New Mexico Institute of Mining and Technology (New Mexico Tech),Western,51000 ,93400 ,0.83 ,,67400 ,123000 ,
Brigham Young University (BYU),Western,49400 ,88600 ,0.79 ,50600 ,68500 ,119000 ,164000 
University of Arizona,Western,47500 ,86100 ,0.81 ,44800 ,61700 ,117000 ,160000 
University of Washington (UW),Western,48800 ,85300 ,0.75 ,47000 ,59800 ,115000 ,149000 
Washington State University (WSU),Western,45300 ,84700 ,0.87 ,43600 ,59000 ,113000 ,162000 
University of Colorado - Denver,Western,46100 ,84400 ,0.83 ,46400 ,58600 ,105000 ,144000 
Arizona State University (ASU),Western,47400 ,84100 ,0.77 ,44600 ,60700 ,114000 ,163000 
Oregon State University (OSU),Western,45100 ,83300 ,0.85 ,46900 ,64000 ,113000 ,146000 
University of Utah,Western,45400 ,83200 ,0.83 ,43000 ,58400 ,116000 ,148000 
"University of Nevada, Reno (UNR)",Western,46500 ,82900 ,0.78 ,41900 ,54600 ,113000 ,143000 
Seattle University,Western,48300 ,82800 ,0.71 ,50600 ,62400 ,110000 ,150000 
University of Idaho,Western,44900 ,82000 ,0.83 ,43000 ,56700 ,104000 ,142000 
University of New Mexico (UNM),Western,41600 ,81600 ,0.96 ,41800 ,59100 ,105000 ,141000 
University of Puget Sound,Western,46600 ,81500 ,0.75 ,48900 ,60100 ,104000 ,137000 
Colorado College (CC),Western,38500 ,81400 ,1.11 ,,43000 ,148000 ,
Reed College,Western,40500 ,81100 ,1.00 ,,67400 ,101000 ,
Whitman College,Western,43500 ,80100 ,0.84 ,,64800 ,111000 ,
New Mexico State University,Western,44300 ,79500 ,0.79 ,37400 ,53800 ,102000 ,131000 
Colorado State University (CSU),Western,44800 ,79000 ,0.76 ,43800 ,57100 ,112000 ,150000 
University of Wyoming (UW),Western,44500 ,78700 ,0.77 ,41500 ,54000 ,105000 ,145000 
Utah State University,Western,43800 ,78700 ,0.80 ,41600 ,55400 ,101000 ,132000 
University of Oregon,Western,42200 ,78400 ,0.86 ,38100 ,56200 ,117000 ,186000 
Montana State University - Bozeman,Western,46600 ,77500 ,0.66 ,40200 ,58100 ,111000 ,151000 
Gonzaga University,Western,44900 ,76000 ,0.69 ,47000 ,57400 ,103000 ,138000 
University of Hawaii,Western,43800 ,76000 ,0.74 ,40400 ,56300 ,104000 ,128000 
Western Washington University,Western,42700 ,75400 ,0.77 ,41300 ,56700 ,99200 ,119000 
Regis University,Western,48300 ,73800 ,0.53 ,41000 ,55500 ,94800 ,117000 
Idaho State University,Western,44900 ,73400 ,0.63 ,35400 ,49600 ,101000 ,143000 
"University of Alaska, Anchorage",Western,45900 ,72600 ,0.58 ,39800 ,56600 ,99300 ,137000 
Lewis & Clark College,Western,38900 ,72600 ,0.87 ,38200 ,53400 ,104000 ,140000 
University of Montana,Western,37300 ,71900 ,0.93 ,37000 ,51500 ,96400 ,138000 
"University of Nevada, Las Vegas (UNLV)",Western,45200 ,71600 ,0.58 ,39000 ,52400 ,100000 ,128000 
Portland State University (PSU),Western,42600 ,70900 ,0.66 ,40700 ,52300 ,94400 ,123000 
Eastern Washington University,Western,38600 ,70900 ,0.84 ,36000 ,50500 ,93100 ,117000 
Fort Lewis College,Western,42000 ,69800 ,0.66 ,,55000 ,94000 ,
Boise State University (BSU),Western,40800 ,69500 ,0.70 ,37400 ,48700 ,87500 ,110000 
Utah Valley State College,Western,42400 ,67100 ,0.58 ,,44100 ,84900 ,
Evergreen State College,Western,39500 ,63900 ,0.62 ,38800 ,47200 ,91600 ,120000 
Southern Utah University,Western,41900 ,56500 ,0.35 ,,39700 ,78400 ,
Montana State University - Billings,Western,37900 ,50600 ,0.34 ,,31800 ,78500 ,
University of Notre Dame,Midwestern,56300 ,116000 ,1.06 ,66400 ,85100 ,163000 ,235000 
University Of Chicago,Midwestern,53400 ,113000 ,1.12 ,62200 ,83300 ,174000 ,255000 
Carleton College,Midwestern,47500 ,103000 ,1.17 ,,69400 ,141000 ,
Illinois Institute of Technology (IIT),Midwestern,56000 ,97800 ,0.75 ,56100 ,77400 ,121000 ,165000 
Case Western Reserve University,Midwestern,56200 ,96500 ,0.72 ,54900 ,76500 ,123000 ,168000 
University of Illinois at Urbana-Champaign (UIUC),Midwestern,52900 ,96100 ,0.82 ,48200 ,68900 ,132000 ,177000 
Northwestern University,Midwestern,52700 ,95900 ,0.82 ,51900 ,69100 ,144000 ,205000 
University of Missouri - Rolla (UMR),Midwestern,57100 ,95800 ,0.68 ,67600 ,80400 ,122000 ,166000 
South Dakota School of Mines & Technology,Midwestern,55800 ,93400 ,0.67 ,71500 ,81900 ,122000 ,147000 
University of Michigan,Midwestern,52700 ,93000 ,0.76 ,50900 ,69400 ,128000 ,182000 
Purdue University,Midwestern,51400 ,90500 ,0.76 ,49900 ,67400 ,121000 ,168000 
Marquette University,Midwestern,48500 ,88400 ,0.82 ,49500 ,67400 ,121000 ,184000 
DePauw University,Midwestern,41400 ,88200 ,1.13 ,49500 ,57400 ,133000 ,185000 
University of Wisconsin (UW) - Madison,Midwestern,48900 ,87800 ,0.80 ,47400 ,62400 ,118000 ,170000 
Bradley University,Midwestern,47000 ,87300 ,0.86 ,45900 ,64900 ,113000 ,151000 
St. Olaf College,Midwestern,45300 ,86200 ,0.90 ,41300 ,61000 ,120000 ,185000 
Michigan State University (MSU),Midwestern,46300 ,85300 ,0.84 ,44200 ,61500 ,119000 ,170000 
DePaul University,Midwestern,46400 ,84800 ,0.83 ,50300 ,63900 ,115000 ,160000 
Iowa State University,Midwestern,45400 ,84600 ,0.86 ,44400 ,60000 ,109000 ,147000 
University of Minnesota,Midwestern,46200 ,84200 ,0.82 ,49000 ,63200 ,112000 ,148000 
"Indiana University (IU), Bloomington",Midwestern,46300 ,84000 ,0.81 ,43600 ,60400 ,119000 ,178000 
University of Iowa (UI),Midwestern,44700 ,83900 ,0.88 ,43300 ,61100 ,116000 ,163000 
Ohio State University (OSU),Midwestern,44900 ,83700 ,0.86 ,45500 ,60700 ,116000 ,162000 
Denison University,Midwestern,42000 ,83500 ,0.99 ,,62100 ,122000 ,
University of Illinois at Chicago,Midwestern,47500 ,81700 ,0.72 ,44700 ,58800 ,110000 ,146000 
Oberlin College,Midwestern,43400 ,81600 ,0.88 ,,46400 ,128000 ,
University of Kansas,Midwestern,42400 ,81600 ,0.92 ,44800 ,57200 ,115000 ,156000 
University of Missouri - Columbia,Midwestern,41700 ,81000 ,0.94 ,43500 ,57100 ,111000 ,156000 
University of Nebraska,Midwestern,45700 ,80900 ,0.77 ,42200 ,56600 ,113000 ,156000 
Northern Illinois University (NIU),Midwestern,43600 ,80800 ,0.85 ,43900 ,60200 ,111000 ,161000 
Gustavus Adolphus College,Midwestern,44500 ,80600 ,0.81 ,,49300 ,101000 ,
University of North Dakota,Midwestern,44000 ,80600 ,0.83 ,43400 ,56400 ,111000 ,157000 
Kansas State University (KSU),Midwestern,43300 ,79000 ,0.82 ,37200 ,54100 ,106000 ,138000 
University of Wisconsin (UW) - Platteville,Midwestern,45800 ,78500 ,0.71 ,48400 ,61200 ,100000 ,139000 
Wittenberg University,Midwestern,39200 ,78200 ,0.99 ,,54100 ,131000 ,
North Dakota State University (NDSU),Midwestern,45100 ,77800 ,0.73 ,39000 ,55800 ,100000 ,123000 
Grinnell College,Midwestern,42600 ,76600 ,0.80 ,,65100 ,116000 ,
Wayne State University,Midwestern,42800 ,76100 ,0.78 ,40100 ,56200 ,101000 ,139000 
University of Toledo,Midwestern,43100 ,75900 ,0.76 ,40100 ,54100 ,100000 ,133000 
University of Wisconsin (UW) - Whitewater,Midwestern,40800 ,75500 ,0.85 ,38200 ,53500 ,99300 ,150000 
Minnesota State University - Mankato,Midwestern,43300 ,74700 ,0.73 ,39500 ,53800 ,95700 ,140000 
University of Wisconsin (UW) - Milwaukee,Midwestern,42300 ,74600 ,0.76 ,40600 ,54000 ,93700 ,123000 
Western Michigan University (WMU),Midwestern,42300 ,73800 ,0.74 ,40100 ,52500 ,103000 ,135000 
South Dakota State University (SDSU),Midwestern,41100 ,73500 ,0.79 ,34100 ,49900 ,99400 ,129000 
Ohio University,Midwestern,42200 ,73400 ,0.74 ,36600 ,52800 ,106000 ,150000 
Illinois State University,Midwestern,42000 ,73400 ,0.75 ,39100 ,55200 ,105000 ,142000 
Cleveland State University,Midwestern,43500 ,73100 ,0.68 ,39500 ,51600 ,97000 ,137000 
University of Nebraska at Omaha,Midwestern,41500 ,72600 ,0.75 ,39500 ,54400 ,97400 ,126000 
Southern Illinois University Carbondale,Midwestern,43000 ,72500 ,0.69 ,38300 ,51300 ,99300 ,139000 
Eastern Michigan University,Midwestern,40300 ,72100 ,0.79 ,37900 ,52800 ,95400 ,135000 
Bowling Green State University,Midwestern,39800 ,72100 ,0.81 ,38200 ,51800 ,101000 ,146000 
St. Cloud State University,Midwestern,41800 ,71400 ,0.71 ,38700 ,49400 ,101000 ,126000 
University of Wisconsin (UW) - Parkside,Midwestern,40700 ,71400 ,0.75 ,40900 ,53100 ,84900 ,119000 
University of Akron,Midwestern,41100 ,70300 ,0.71 ,40600 ,53300 ,95200 ,127000 
Missouri State University (MSU),Midwestern,36100 ,69500 ,0.93 ,33300 ,46900 ,102000 ,134000 
University of Wisconsin (UW) - La Crosse,Midwestern,42200 ,69300 ,0.64 ,37500 ,47200 ,93100 ,133000 
University of Wisconsin (UW) - Stout,Midwestern,43600 ,68300 ,0.57 ,40900 ,50600 ,91600 ,136000 
Robert Morris College (RMC),Midwestern,38500 ,68200 ,0.77 ,37300 ,47100 ,95000 ,128000 
University of Missouri - St. Louis (UMSL),Midwestern,41400 ,67100 ,0.62 ,36800 ,49600 ,97600 ,144000 
University of Wisconsin (UW) - Oshkosh,Midwestern,39300 ,66400 ,0.69 ,37700 ,49700 ,90100 ,138000 
University of Missouri - Kansas City (UMKC),Midwestern,38900 ,65800 ,0.69 ,36300 ,48100 ,95800 ,124000 
University of Wisconsin (UW) - Eau Claire,Midwestern,41400 ,64800 ,0.57 ,35000 ,47300 ,93100 ,125000 
Ball State University (BSU),Midwestern,39100 ,64500 ,0.65 ,35500 ,48200 ,89300 ,128000 
Park University,Midwestern,44300 ,64300 ,0.45 ,37200 ,45600 ,86400 ,113000 
University of Wisconsin (UW) - Stevens Point,Midwestern,39800 ,64000 ,0.61 ,38400 ,45100 ,95400 ,128000 
Kent State University,Midwestern,38700 ,62600 ,0.62 ,36100 ,45800 ,87000 ,124000 
University of Wisconsin (UW) - Green Bay,Midwestern,35800 ,60600 ,0.69 ,35500 ,46800 ,81800 ,102000 
Indiana Wesleyan University (IWU),Midwestern,39800 ,58500 ,0.47 ,39600 ,47800 ,78600 ,93400 
Pittsburg State University,Midwestern,40400 ,58200 ,0.44 ,25600 ,46000 ,84600 ,117000 
Davenport University,Midwestern,39700 ,46600 ,0.17 ,31600 ,38100 ,65600 ,85700 
Black Hills State University,Midwestern,35300 ,43900 ,0.24 ,,32200 ,60900 ,
Rice University,Southern,64000 ,110000 ,0.72 ,55900 ,82100 ,141000 ,216000 
Georgetown University,Southern,55000 ,110000 ,1.00 ,60300 ,85800 ,174000 ,248000 
Duke University,Southern,58900 ,106000 ,0.80 ,56000 ,77400 ,149000 ,218000 
Georgia Institute of Technology,Southern,58300 ,106000 ,0.82 ,67200 ,85200 ,137000 ,183000 
Washington and Lee University,Southern,53600 ,104000 ,0.94 ,,82800 ,146000 ,
Vanderbilt University,Southern,51200 ,104000 ,1.03 ,49900 ,68100 ,147000 ,222000 
Davidson College,Southern,46100 ,104000 ,1.26 ,,70500 ,146000 ,
University of Virginia (UVA),Southern,52700 ,103000 ,0.95 ,52200 ,71800 ,146000 ,215000 
George Washington University (GWU),Southern,47000 ,97900 ,1.08 ,48400 ,69600 ,132000 ,194000 
Texas A&M University,Southern,49700 ,96100 ,0.93 ,51100 ,71300 ,131000 ,171000 
Tulane University,Southern,49100 ,95800 ,0.95 ,46500 ,64400 ,134000 ,185000 
Virginia Polytechnic Institute and State University (Virginia Tech),Southern,53500 ,95400 ,0.78 ,50600 ,71400 ,124000 ,163000 
"University of Maryland, College Park",Southern,52000 ,95000 ,0.83 ,50400 ,68300 ,126000 ,166000 
University of Richmond,Southern,48600 ,94600 ,0.95 ,44500 ,59400 ,151000 ,211000 
University of Texas (UT) - Austin,Southern,49700 ,93900 ,0.89 ,50100 ,67400 ,129000 ,188000 
Emory University,Southern,52000 ,91600 ,0.76 ,52500 ,63300 ,128000 ,192000 
"American University, Washington D.C.",Southern,45300 ,90800 ,1.00 ,45200 ,62400 ,134000 ,169000 
University of Tulsa,Southern,42400 ,88700 ,1.09 ,42300 ,60300 ,120000 ,197000 
Baylor University,Southern,48300 ,88600 ,0.83 ,46300 ,60700 ,130000 ,200000 
University of Florida (UF),Southern,47100 ,87900 ,0.87 ,45400 ,62900 ,120000 ,172000 
Louisiana State University (LSU),Southern,46900 ,87800 ,0.87 ,43700 ,61300 ,120000 ,165000 
George Mason University,Southern,47800 ,86900 ,0.82 ,51300 ,67200 ,114000 ,150000 
Clemson University,Southern,48400 ,86000 ,0.78 ,50500 ,61800 ,111000 ,150000 
University of Georgia (UGA),Southern,44100 ,86000 ,0.95 ,43100 ,57800 ,118000 ,164000 
Auburn University,Southern,45400 ,84700 ,0.87 ,45400 ,62700 ,109000 ,145000 
University of Delaware,Southern,45900 ,84500 ,0.84 ,44500 ,64000 ,119000 ,165000 
Randolph-Macon College,Southern,42600 ,83600 ,0.96 ,,54100 ,123000 ,
North Carolina State University (NCSU),Southern,47200 ,83300 ,0.76 ,49200 ,64800 ,112000 ,153000 
University of Oklahoma,Southern,44700 ,82900 ,0.85 ,41200 ,60300 ,114000 ,167000 
University of Arkansas,Southern,44100 ,82800 ,0.88 ,43200 ,60700 ,113000 ,160000 
University of Alabama at Huntsville (UAH),Southern,43100 ,82700 ,0.92 ,46100 ,67800 ,106000 ,132000 
Howard University,Southern,46900 ,81800 ,0.74 ,43300 ,60000 ,109000 ,138000 
University of North Carolina at Chapel Hill (UNCH),Southern,42900 ,81500 ,0.90 ,43400 ,57500 ,117000 ,155000 
"University of Alabama, Tuscaloosa",Southern,41300 ,81400 ,0.97 ,40100 ,56500 ,117000 ,161000 
University of Texas at Arlington (UTA),Southern,45400 ,80800 ,0.78 ,46400 ,61200 ,106000 ,138000 
Oklahoma State University,Southern,42800 ,80700 ,0.89 ,40100 ,56500 ,114000 ,151000 
Tennessee Technological University,Southern,46200 ,80000 ,0.73 ,42100 ,62600 ,99500 ,121000 
University of Houston (UH),Southern,46000 ,79900 ,0.74 ,42000 ,56200 ,106000 ,141000 
University of Mississippi,Southern,41400 ,79700 ,0.93 ,40400 ,53500 ,108000 ,186000 
Lamar University,Southern,46500 ,79400 ,0.71 ,38700 ,51600 ,114000 ,158000 
Mississippi State University (MSU),Southern,44500 ,79300 ,0.78 ,43300 ,58800 ,108000 ,151000 
University of Kentucky (UK),Southern,42800 ,78300 ,0.83 ,43000 ,57300 ,107000 ,149000 
Texas Christian University (TCU),Southern,45100 ,78100 ,0.73 ,42600 ,56600 ,122000 ,183000 
West Virginia University (WVU),Southern,43100 ,78100 ,0.81 ,39700 ,55700 ,106000 ,141000 
University of Maryland Baltimore County (UMBC),Southern,47000 ,77800 ,0.66 ,46900 ,59100 ,105000 ,130000 
University of Louisiana (UL) at Lafayette,Southern,41100 ,76300 ,0.86 ,42000 ,54500 ,107000 ,163000 
Florida International University (FIU),Southern,43200 ,75500 ,0.75 ,40500 ,55800 ,98200 ,136000 
University of Tennessee,Southern,43800 ,74600 ,0.70 ,41900 ,53200 ,106000 ,153000 
University of Arkansas - Monticello (UAM),Southern,39200 ,74500 ,0.90 ,,46100 ,110000 ,
University of North Carolina at Charlotte (UNCC),Southern,43100 ,74000 ,0.72 ,38200 ,53200 ,99500 ,133000 
Georgia State University,Southern,41800 ,74000 ,0.77 ,43000 ,55300 ,99900 ,145000 
LeTourneau University,Southern,49500 ,73800 ,0.49 ,41200 ,52700 ,95200 ,126000 
Florida State University (FSU),Southern,42100 ,73000 ,0.73 ,39600 ,52800 ,107000 ,156000 
University of Texas at El Paso (UTEP),Southern,43400 ,72100 ,0.66 ,37700 ,50400 ,99500 ,133000 
University of Central Florida (UCF),Southern,42600 ,71700 ,0.68 ,39500 ,51500 ,98400 ,125000 
University of South Carolina,Southern,40000 ,71700 ,0.79 ,36300 ,49900 ,98400 ,131000 
Florida Atlantic University (FAU),Southern,42600 ,71100 ,0.67 ,40700 ,53000 ,99500 ,137000 
University of South Florida (USF),Southern,41100 ,71100 ,0.73 ,39600 ,51500 ,98100 ,131000 
University of Texas at San Antonio (UTSA),Southern,42500 ,70700 ,0.66 ,39100 ,49800 ,92700 ,121000 
University of Alabama at Birmingham (UAB),Southern,39200 ,70100 ,0.79 ,43000 ,53400 ,91400 ,125000 
University of Memphis (U of M),Southern,41400 ,69700 ,0.68 ,36100 ,49100 ,93500 ,127000 
Appalachian State University,Southern,40400 ,69100 ,0.71 ,37200 ,50400 ,90800 ,115000 
Virginia Commonwealth University (VCU),Southern,42000 ,68400 ,0.63 ,37400 ,51900 ,100000 ,123000 
East Carolina University (ECU),Southern,40200 ,67500 ,0.68 ,38400 ,52000 ,98700 ,151000 
Western Carolina University,Southern,36900 ,66600 ,0.80 ,39000 ,49500 ,94400 ,133000 
Jacksonville University,Southern,46700 ,66200 ,0.42 ,36700 ,47200 ,88500 ,121000 
University of North Carolina at Wilmington (UNCW),Southern,37500 ,64400 ,0.72 ,32100 ,46600 ,97100 ,129000 
Oklahoma City University,Southern,40000 ,64300 ,0.61 ,,45400 ,80600 ,
Arkansas State University (ASU),Southern,38700 ,63300 ,0.64 ,33600 ,45300 ,83900 ,118000 
Tarleton State University (TSU),Southern,40800 ,62400 ,0.53 ,32100 ,47400 ,80400 ,126000 
Morehead State University,Southern,34800 ,60600 ,0.74 ,34300 ,46500 ,72000 ,91300 
Mississippi College,Southern,35400 ,60400 ,0.71 ,,43900 ,80400 ,
Dallas Baptist University,Southern,39400 ,60200 ,0.53 ,38500 ,50300 ,81800 ,98100 
Austin Peay State University,Southern,37700 ,59200 ,0.57 ,32200 ,40500 ,73900 ,96200 
Saint Leo University,Southern,40900 ,57800 ,0.41 ,34400 ,41800 ,80600 ,113000 
Tusculum College,Southern,36900 ,55500 ,0.50 ,36200 ,43000 ,87300 ,124000 
Virginia Wesleyan College (VWC),Southern,34600 ,54900 ,0.59 ,,37100 ,88900 ,
"Lee University (Cleveland, TN)",Southern,34500 ,53900 ,0.56 ,,44500 ,76800 ,
Florida Metropolitan University (FMU),Southern,36600 ,51000 ,0.39 ,32800 ,36800 ,70400 ,102000 
Dartmouth College,Northeastern,58000 ,134000 ,1.31 ,63100 ,90200 ,234000 ,321000 
Princeton University,Northeastern,66500 ,131000 ,0.97 ,68900 ,100000 ,190000 ,261000 
Massachusetts Institute of Technology (MIT),Northeastern,72200 ,126000 ,0.75 ,76800 ,99200 ,168000 ,220000 
Yale University,Northeastern,59100 ,126000 ,1.13 ,58000 ,80600 ,198000 ,326000 
Harvard University,Northeastern,63400 ,124000 ,0.96 ,54800 ,86200 ,179000 ,288000 
University of Pennsylvania,Northeastern,60900 ,120000 ,0.97 ,55900 ,79200 ,192000 ,282000 
"Polytechnic University of New York, Brooklyn",Northeastern,62400 ,114000 ,0.83 ,66800 ,94300 ,143000 ,190000 
Cooper Union,Northeastern,62200 ,114000 ,0.83 ,,80200 ,142000 ,
Worcester Polytechnic Institute (WPI),Northeastern,61000 ,114000 ,0.87 ,80000 ,91200 ,137000 ,180000 
Carnegie Mellon University (CMU),Northeastern,61800 ,111000 ,0.80 ,63300 ,80100 ,150000 ,209000 
Rensselaer Polytechnic Institute (RPI),Northeastern,61100 ,110000 ,0.80 ,71600 ,85500 ,140000 ,182000 
Cornell University,Northeastern,60300 ,110000 ,0.82 ,56800 ,79800 ,160000 ,210000 
Bucknell University,Northeastern,54100 ,110000 ,1.03 ,62800 ,80600 ,156000 ,251000 
Brown University,Northeastern,56200 ,109000 ,0.94 ,55400 ,74400 ,159000 ,228000 
Colgate University,Northeastern,52800 ,108000 ,1.05 ,60000 ,76700 ,167000 ,265000 
Columbia University,Northeastern,59400 ,107000 ,0.80 ,50300 ,71900 ,161000 ,241000 
Amherst College,Northeastern,54500 ,107000 ,0.96 ,,84900 ,162000 ,
Lafayette College,Northeastern,53900 ,107000 ,0.99 ,70600 ,79300 ,144000 ,204000 
Bowdoin College,Northeastern,48100 ,107000 ,1.22 ,,74600 ,146000 ,
College of the Holy Cross,Northeastern,50200 ,106000 ,1.11 ,,65600 ,143000 ,
Stevens Institute of Technology,Northeastern,60600 ,105000 ,0.73 ,68700 ,81900 ,138000 ,185000 
Lehigh University,Northeastern,59200 ,105000 ,0.77 ,69500 ,85000 ,160000 ,229000 
Swarthmore College,Northeastern,49700 ,104000 ,1.09 ,,67200 ,167000 ,
Boston College,Northeastern,52700 ,103000 ,0.95 ,48900 ,70000 ,143000 ,195000 
Williams College,Northeastern,51700 ,102000 ,0.97 ,,76400 ,143000 ,
Villanova University,Northeastern,55800 ,101000 ,0.81 ,56800 ,76200 ,156000 ,226000 
Fordham University,Northeastern,47800 ,99900 ,1.09 ,48600 ,65900 ,142000 ,198000 
"Wesleyan University (Middletown, Connecticut)",Northeastern,46500 ,97900 ,1.11 ,42000 ,62500 ,126000 ,215000 
Wentworth Institute of Technology,Northeastern,53000 ,96700 ,0.82 ,55200 ,74000 ,117000 ,153000 
Bates College,Northeastern,47300 ,96500 ,1.04 ,,60700 ,162000 ,
Binghamton University,Northeastern,53600 ,95900 ,0.79 ,50900 ,71200 ,146000 ,201000 
Union College,Northeastern,47200 ,95800 ,1.03 ,48700 ,75200 ,135000 ,230000 
New York University (NYU),Northeastern,50300 ,95600 ,0.90 ,47500 ,65000 ,142000 ,216000 
Vassar College,Northeastern,46000 ,94600 ,1.06 ,,60600 ,123000 ,
Middlebury College,Northeastern,47700 ,94200 ,0.97 ,,69100 ,129000 ,
Mount Holyoke College,Northeastern,42400 ,94200 ,1.22 ,,57100 ,131000 ,
Boston University,Northeastern,49000 ,93900 ,0.92 ,48000 ,64900 ,130000 ,193000 
Drexel University,Northeastern,53400 ,93500 ,0.75 ,54900 ,72500 ,122000 ,161000 
"St. John's University, New York",Northeastern,48000 ,93400 ,0.95 ,48000 ,65400 ,124000 ,181000 
Long Island University,Northeastern,47300 ,93200 ,0.97 ,46300 ,62100 ,122000 ,169000 
Stony Brook University,Northeastern,49500 ,93000 ,0.88 ,47200 ,67100 ,129000 ,181000 
Franklin and Marshall College,Northeastern,49100 ,92800 ,0.89 ,,55800 ,185000 ,
Hofstra University,Northeastern,46800 ,92700 ,0.98 ,48900 ,67000 ,135000 ,189000 
State University of New York (SUNY) at Albany,Northeastern,44500 ,92200 ,1.07 ,47000 ,63100 ,135000 ,209000 
Rutgers University,Northeastern,50300 ,91800 ,0.83 ,48100 ,65100 ,128000 ,176000 
Pratt Institute,Northeastern,43800 ,89900 ,1.05 ,48600 ,65400 ,123000 ,155000 
Pace University,Northeastern,53200 ,89700 ,0.69 ,44200 ,65400 ,129000 ,187000 
Seton Hall University,Northeastern,48900 ,89200 ,0.82 ,55700 ,70600 ,133000 ,195000 
Rider University,Northeastern,43600 ,88900 ,1.04 ,47100 ,63100 ,127000 ,150000 
University of Connecticut (UConn),Northeastern,48000 ,88800 ,0.85 ,46100 ,66400 ,120000 ,162000 
Providence College,Northeastern,48000 ,88600 ,0.85 ,42800 ,62900 ,138000 ,194000 
University of Massachusetts (UMass) - Amherst,Northeastern,46600 ,88200 ,0.89 ,43100 ,61300 ,122000 ,168000 
Ithaca College,Northeastern,42700 ,87400 ,1.05 ,50200 ,62400 ,128000 ,174000 
University of Massachusetts (UMass) - Lowell,Northeastern,45400 ,86600 ,0.91 ,50900 ,65000 ,113000 ,158000 
Northeastern University,Northeastern,50500 ,86400 ,0.71 ,47100 ,62700 ,117000 ,159000 
Syracuse University,Northeastern,45700 ,85900 ,0.88 ,46400 ,59400 ,119000 ,178000 
Colby College,Northeastern,46400 ,85800 ,0.85 ,,63500 ,129000 ,
Gettysburg College,Northeastern,44700 ,85800 ,0.92 ,,66300 ,132000 ,
Pennsylvania State University (PSU),Northeastern,49900 ,85700 ,0.72 ,46300 ,62000 ,117000 ,160000 
University of Rhode Island (URI),Northeastern,43900 ,85300 ,0.94 ,45400 ,60100 ,112000 ,157000 
Siena College,Northeastern,45500 ,85200 ,0.87 ,38700 ,58400 ,129000 ,189000 
La Salle University (Philadelphia),Northeastern,43400 ,84700 ,0.95 ,45300 ,57500 ,106000 ,151000 
Rochester Institute of Technology (RIT),Northeastern,48900 ,84600 ,0.73 ,45000 ,62100 ,112000 ,159000 
Duquesne University,Northeastern,40700 ,84400 ,1.07 ,42600 ,59500 ,107000 ,131000 
State University of New York (SUNY) at Farmingdale,Northeastern,47300 ,84200 ,0.78 ,50200 ,59800 ,110000 ,162000 
Smith College,Northeastern,44000 ,83900 ,0.91 ,45100 ,59800 ,129000 ,184000 
Hamilton College,Northeastern,49200 ,83700 ,0.70 ,,51900 ,123000 ,
Wellesley College,Northeastern,42800 ,83500 ,0.95 ,,58600 ,125000 ,
Widener University,Northeastern,52900 ,83400 ,0.58 ,42600 ,61400 ,106000 ,138000 
University of New Haven,Northeastern,44400 ,82900 ,0.87 ,48500 ,66100 ,113000 ,157000 
Dowling College,Northeastern,41100 ,82800 ,1.01 ,46500 ,60600 ,117000 ,142000 
University of Vermont (UVM),Northeastern,44800 ,82700 ,0.85 ,44700 ,58000 ,122000 ,194000 
State University of New York (SUNY) at Buffalo,Northeastern,46200 ,81700 ,0.77 ,45900 ,61400 ,110000 ,147000 
State University of New York (SUNY) at Geneseo,Northeastern,42300 ,81300 ,0.92 ,39300 ,47600 ,117000 ,173000 
Fashion Institute of Technology,Northeastern,42800 ,81000 ,0.89 ,38800 ,60500 ,106000 ,138000 
Philadelphia University,Northeastern,45100 ,80300 ,0.78 ,45800 ,61900 ,108000 ,141000 
Ursinus College,Northeastern,42100 ,80000 ,0.90 ,35600 ,54300 ,100000 ,160000 
Adelphi University,Northeastern,40600 ,79200 ,0.95 ,44200 ,54800 ,114000 ,160000 
Juniata College,Northeastern,41800 ,78900 ,0.89 ,,67200 ,110000 ,
Fairleigh Dickinson University,Northeastern,45700 ,78700 ,0.72 ,40200 ,56300 ,112000 ,171000 
University of New Hampshire (UNH),Northeastern,41800 ,78300 ,0.87 ,41700 ,56400 ,114000 ,147000 
University of Massachusetts (UMass) - Boston,Northeastern,45600 ,78200 ,0.71 ,36300 ,53800 ,109000 ,151000 
State University of New York (SUNY) at Oswego,Northeastern,38000 ,77800 ,1.05 ,40400 ,53000 ,115000 ,169000 
University of Massachusetts (UMass) - Dartmouth,Northeastern,43200 ,77700 ,0.80 ,43300 ,56200 ,107000 ,132000 
State University of New York (SUNY) at Oneonta,Northeastern,37500 ,76700 ,1.05 ,40000 ,54300 ,97700 ,155000 
Quinnipiac University,Northeastern,43000 ,76500 ,0.78 ,47900 ,57400 ,117000 ,155000 
State University of New York (SUNY) at Plattsburgh,Northeastern,40800 ,76200 ,0.87 ,38400 ,54100 ,105000 ,136000 
Sacred Heart University,Northeastern,46000 ,75300 ,0.64 ,39700 ,54800 ,105000 ,150000 
Skidmore College,Northeastern,41600 ,74600 ,0.79 ,,42800 ,147000 ,
Moravian College,Northeastern,42500 ,74400 ,0.75 ,,56700 ,94900 ,
Penn State - Harrisburg,Northeastern,45700 ,74000 ,0.62 ,44000 ,53100 ,104000 ,150000 
Suffolk University,Northeastern,42100 ,74000 ,0.76 ,48700 ,57800 ,95100 ,145000 
Fitchburg State College,Northeastern,42400 ,72600 ,0.71 ,43300 ,56100 ,99600 ,151000 
Roger Williams University,Northeastern,42000 ,72300 ,0.72 ,39800 ,48500 ,102000 ,138000 
University Of Maine,Northeastern,41200 ,72100 ,0.75 ,41700 ,55600 ,99300 ,141000 
State University of New York (SUNY) at Potsdam,Northeastern,38000 ,70300 ,0.85 ,35100 ,51200 ,100000 ,179000 
Niagara University,Northeastern,36900 ,69700 ,0.89 ,44000 ,57000 ,92000 ,128000 
State University of New York (SUNY) at Fredonia,Northeastern,37800 ,66200 ,0.75 ,32800 ,44200 ,93300 ,181000 
University of Southern Maine,Northeastern,39400 ,63600 ,0.61 ,40400 ,47900 ,85700 ,117000 
Mercy College,Northeastern,43700 ,62600 ,0.43 ,35600 ,47300 ,99000 ,134000 
